"name","species","year","result","unit","latitude","longitude"
"Striped Bass","Morone saxatilis","2006","0.289","ug/g ww","38.25441","-121.67246"
"Largemouth Bass","Micropterus salmoides","2001","0.918","ug/g ww","37.57972","-121.6925"
"Largemouth Bass","Micropterus salmoides","2001","0.829","ug/g ww","37.57972","-121.6925"
"Largemouth Bass","Micropterus salmoides","2001","0.559","ug/g ww","37.72722","-122.10222"
"Largemouth Bass","Micropterus salmoides","2001","0.577","ug/g ww","37.72722","-122.10222"
"Largemouth Bass","Micropterus salmoides","2001","0.812","ug/g ww","37.57972","-121.6925"
"Largemouth Bass","Micropterus salmoides","2001","0.523","ug/g ww","37.72722","-122.10222"
"Largemouth Bass","Micropterus salmoides","2002","0.849","ug/g ww","37.7861","-122.1163"
"Largemouth Bass","Micropterus salmoides","2002","0.693","ug/g ww","37.66833","-121.83722"
"Largemouth Bass","Micropterus salmoides","2002","0.712","ug/g ww","37.66833","-121.83722"
"Largemouth Bass","Micropterus salmoides","2007","0.325","ug/g ww","37.78027","-121.61685"
"Largemouth Bass","Micropterus salmoides","2007","0.634","ug/g ww","37.78027","-121.61685"
"Largemouth Bass","Micropterus salmoides","2007","0.22","ug/g ww","37.78027","-121.61685"
"Largemouth Bass","Micropterus salmoides","2007","0.487","ug/g ww","37.78027","-121.61685"
"Largemouth Bass","Micropterus salmoides","2007","0.341","ug/g ww","37.78027","-121.61685"
"Largemouth Bass","Micropterus salmoides","2007","0.316","ug/g ww","37.78027","-121.61685"
"Largemouth Bass","Micropterus salmoides","2007","0.139","ug/g ww","37.78027","-121.61685"
"Largemouth Bass","Micropterus salmoides","2007","0.408","ug/g ww","37.78027","-121.61685"
"Largemouth Bass","Micropterus salmoides","2007","0.342","ug/g ww","37.78027","-121.61685"
"Largemouth Bass","Micropterus salmoides","2007","0.31","ug/g ww","37.78027","-121.61685"
"Largemouth Bass","Micropterus salmoides","2007","0.413","ug/g ww","37.78027","-121.61685"
"Largemouth Bass","Micropterus salmoides","2005","0.291","ug/g ww","38.2541","-121.6724"
"Largemouth Bass","Micropterus salmoides","1995","1.8","ug/g ww","38.70972","-123.01944"
"Largemouth Bass","Micropterus salmoides","1995","0.57","ug/g ww","38.70972","-123.01944"
"Largemouth Bass","Micropterus salmoides","1996","0.25","ug/g ww","38.44527","-122.80555"
"Largemouth Bass","Micropterus salmoides","1996","0.31","ug/g ww","38.70972","-123.01944"
"Largemouth Bass","Micropterus salmoides","1996","0.53","ug/g ww","38.49944","-122.99861"
"Largemouth Bass","Micropterus salmoides","1996","0.97","ug/g ww","38.70916","-123.07416"
"Largemouth Bass","Micropterus salmoides","1997","0.37","ug/g ww","38.70916","-123.07416"
"Largemouth Bass","Micropterus salmoides","1997","0.257","ug/g ww","38.5","-122.88472"
"Largemouth Bass","Micropterus salmoides","1997","0.472","ug/g ww","38.70972","-123.01944"
"Largemouth Bass","Micropterus salmoides","1999","1.73","ug/g ww","38.70972","-123.01944"
"Largemouth Bass","Micropterus salmoides","2000","0.595","ug/g ww","38.73944","-123.06777"
"Largemouth Bass","Micropterus salmoides","2000","0.513","ug/g ww","38.73944","-123.06777"
"Largemouth Bass","Micropterus salmoides","2000","0.501","ug/g ww","38.73944","-123.06777"
"Largemouth Bass","Micropterus salmoides","2000","0.461","ug/g ww","38.70972","-123.01944"
"Largemouth Bass","Micropterus salmoides","2000","0.559","ug/g ww","38.70972","-123.01944"
"Largemouth Bass","Micropterus salmoides","2000","0.84","ug/g ww","38.70972","-123.01944"
"Largemouth Bass","Micropterus salmoides","2001","1.22","ug/g ww","38.70916","-123.07416"
"Largemouth Bass","Micropterus salmoides","2001","0.867","ug/g ww","38.70916","-123.07416"
"Largemouth Bass","Micropterus salmoides","2001","1.56","ug/g ww","38.70916","-123.07416"
"Largemouth Bass","Micropterus salmoides","2001","0.883","ug/g ww","38.73944","-123.06777"
"Largemouth Bass","Micropterus salmoides","2001","1.59","ug/g ww","38.70916","-123.07416"
"Largemouth Bass","Micropterus salmoides","2001","1.24","ug/g ww","38.70916","-123.07416"
"Largemouth Bass","Micropterus salmoides","1999","0.726","ug/g ww","38.618","-122.29033"
"Largemouth Bass","Micropterus salmoides","1999","1.37","ug/g ww","38.618","-122.29033"
"Largemouth Bass","Micropterus salmoides","1999","1.13","ug/g ww","38.618","-122.29033"
"Largemouth Bass","Micropterus salmoides","1999","0.779","ug/g ww","38.618","-122.29033"
"Largemouth Bass","Micropterus salmoides","1999","0.0954","ug/g ww","38.618","-122.29033"
"Largemouth Bass","Micropterus salmoides","1999","0.877","ug/g ww","38.618","-122.29033"
"Largemouth Bass","Micropterus salmoides","1998","0.722832","ug/g ww","38.18995","-121.65931"
"Largemouth Bass","Micropterus salmoides","1998","0.23","ug/g ww","38.5174","-121.7433"
"Largemouth Bass","Micropterus salmoides","1998","0.11","ug/g ww","38.5275","-121.9452"
"Largemouth Bass","Micropterus salmoides","1998","0.2","ug/g ww","38.5174","-121.7433"
"Largemouth Bass","Micropterus salmoides","1998","0.15","ug/g ww","38.5275","-121.9452"
"Largemouth Bass","Micropterus salmoides","1998","0.62","ug/g ww","38.5174","-121.7433"
"Largemouth Bass","Micropterus salmoides","1998","0.34","ug/g ww","38.5174","-121.7433"
"Largemouth Bass","Micropterus salmoides","1998","0.34","ug/g ww","38.5268","-121.8022"
"Largemouth Bass","Micropterus salmoides","1998","0.09","ug/g ww","38.5268","-121.8022"
"Largemouth Bass","Micropterus salmoides","1998","0.10756128","ug/g ww","38.1328","-122.0248"
"Largemouth Bass","Micropterus salmoides","1999","0.898","ug/g ww","38.18995","-121.65931"
"Largemouth Bass","Micropterus salmoides","1999","1.18","ug/g ww","38.18995","-121.65931"
"Largemouth Bass","Micropterus salmoides","1999","0.231","ug/g ww","38.493","-122.00239"
"Largemouth Bass","Micropterus salmoides","1999","0.592","ug/g ww","38.493","-122.00239"
"Largemouth Bass","Micropterus salmoides","1999","0.872","ug/g ww","38.18995","-121.65931"
"Largemouth Bass","Micropterus salmoides","1999","0.396","ug/g ww","38.493","-122.00239"
"Largemouth Bass","Micropterus salmoides","1999","0.747","ug/g ww","38.18995","-121.65931"
"Largemouth Bass","Micropterus salmoides","1999","0.63","ug/g ww","38.493","-122.00239"
"Largemouth Bass","Micropterus salmoides","1999","0.877","ug/g ww","38.18995","-121.65931"
"Largemouth Bass","Micropterus salmoides","1999","0.54","ug/g ww","38.493","-122.00239"
"Largemouth Bass","Micropterus salmoides","1999","0.478","ug/g ww","38.51722","-121.75555"
"Largemouth Bass","Micropterus salmoides","1999","0.03565432","ug/g ww","38.0954","-121.7232"
"Largemouth Bass","Micropterus salmoides","1999","0.12753991","ug/g ww","38.2725","-121.6497"
"Largemouth Bass","Micropterus salmoides","2000","0.63794471","ug/g ww","38.493","-122.00239"
"Largemouth Bass","Micropterus salmoides","2000","0.5279631","ug/g ww","38.18995","-121.65931"
"Largemouth Bass","Micropterus salmoides","2000","0.60390605","ug/g ww","38.18995","-121.65931"
"Largemouth Bass","Micropterus salmoides","2000","0.27573641","ug/g ww","38.493","-122.00239"
"Largemouth Bass","Micropterus salmoides","2000","0.50204312","ug/g ww","38.493","-122.00239"
"Largemouth Bass","Micropterus salmoides","2000","0.81922402","ug/g ww","38.18995","-121.65931"
"Largemouth Bass","Micropterus salmoides","2000","1.26699585","ug/g ww","38.18995","-121.65931"
"Largemouth Bass","Micropterus salmoides","2000","0.31385252","ug/g ww","38.18995","-121.65931"
"Largemouth Bass","Micropterus salmoides","2000","0.39348148","ug/g ww","38.18995","-121.65931"
"Largemouth Bass","Micropterus salmoides","2000","0.48499432","ug/g ww","38.18995","-121.65931"
"Largemouth Bass","Micropterus salmoides","2000","0.49445783","ug/g ww","38.18995","-121.65931"
"Largemouth Bass","Micropterus salmoides","2000","0.56948542","ug/g ww","38.493","-122.00239"
"Largemouth Bass","Micropterus salmoides","2000","0.33828288","ug/g ww","38.493","-122.00239"
"Largemouth Bass","Micropterus salmoides","2000","0.59158492","ug/g ww","38.18995","-121.65931"
"Largemouth Bass","Micropterus salmoides","2000","0.4520315","ug/g ww","38.493","-122.00239"
"Largemouth Bass","Micropterus salmoides","2000","0.22201918","ug/g ww","38.493","-122.00239"
"Largemouth Bass","Micropterus salmoides","2000","1.13734513","ug/g ww","38.18995","-121.65931"
"Largemouth Bass","Micropterus salmoides","2000","0.25774229","ug/g ww","38.493","-122.00239"
"Largemouth Bass","Micropterus salmoides","2000","0.10253889","ug/g ww","38.493","-122.00239"
"Largemouth Bass","Micropterus salmoides","2000","0.30799061","ug/g ww","38.18995","-121.65931"
"Largemouth Bass","Micropterus salmoides","2000","0.81582498","ug/g ww","38.493","-122.00239"
"Largemouth Bass","Micropterus salmoides","2000","0.3402717","ug/g ww","38.493","-122.00239"
"Largemouth Bass","Micropterus salmoides","2001","0.688","ug/g ww","38.24916","-121.67194"
"Largemouth Bass","Micropterus salmoides","2005","0.185","ug/g ww","38.2541","-121.6724"
"Largemouth Bass","Micropterus salmoides","2005","0.337","ug/g ww","38.2541","-121.6724"
"Largemouth Bass","Micropterus salmoides","2005","0.403","ug/g ww","38.2541","-121.6724"
"Largemouth Bass","Micropterus salmoides","2005","0.334","ug/g ww","38.2541","-121.6724"
"Largemouth Bass","Micropterus salmoides","2005","0.332","ug/g ww","38.2541","-121.6724"
"Largemouth Bass","Micropterus salmoides","2005","0.265","ug/g ww","38.2541","-121.6724"
"Largemouth Bass","Micropterus salmoides","2005","0.17","ug/g ww","38.2541","-121.6724"
"Largemouth Bass","Micropterus salmoides","2006","0.375","ug/g ww","38.19508","-121.61867"
"Largemouth Bass","Micropterus salmoides","2006","0.867","ug/g ww","38.19508","-121.61867"
"Largemouth Bass","Micropterus salmoides","2006","0.365","ug/g ww","38.19508","-121.61867"
"Largemouth Bass","Micropterus salmoides","2006","0.34","ug/g ww","38.19508","-121.61867"
"Largemouth Bass","Micropterus salmoides","2006","0.399","ug/g ww","38.19508","-121.61867"
"Largemouth Bass","Micropterus salmoides","2006","0.475","ug/g ww","38.19508","-121.61867"
"Largemouth Bass","Micropterus salmoides","2006","0.305","ug/g ww","38.19508","-121.61867"
"Largemouth Bass","Micropterus salmoides","2006","0.822","ug/g ww","38.19508","-121.61867"
"Largemouth Bass","Micropterus salmoides","2006","1.23","ug/g ww","38.19508","-121.61867"
"Largemouth Bass","Micropterus salmoides","2006","0.751","ug/g ww","38.19508","-121.61867"
"Largemouth Bass","Micropterus salmoides","2006","0.366","ug/g ww","38.19508","-121.61867"
"Largemouth Bass","Micropterus salmoides","2006","0.342","ug/g ww","38.19508","-121.61867"
"Largemouth Bass","Micropterus salmoides","2006","0.916","ug/g ww","38.19508","-121.61867"
"Largemouth Bass","Micropterus salmoides","2007","0.127","ug/g ww","38.2541","-121.6724"
"Largemouth Bass","Micropterus salmoides","2007","0.412","ug/g ww","38.2541","-121.6724"
"Largemouth Bass","Micropterus salmoides","2007","0.086","ug/g ww","38.2541","-121.6724"
"Largemouth Bass","Micropterus salmoides","2007","0.219","ug/g ww","38.2541","-121.6724"
"Largemouth Bass","Micropterus salmoides","2007","0.083","ug/g ww","38.2541","-121.6724"
"Largemouth Bass","Micropterus salmoides","2007","0.043","ug/g ww","38.2541","-121.6724"
"Largemouth Bass","Micropterus salmoides","2007","0.404","ug/g ww","38.2541","-121.6724"
"Largemouth Bass","Micropterus salmoides","2007","0.138","ug/g ww","38.2541","-121.6724"
"Largemouth Bass","Micropterus salmoides","2007","0.314","ug/g ww","38.2541","-121.6724"
"Largemouth Bass","Micropterus salmoides","2007","0.097","ug/g ww","38.2541","-121.6724"
"Largemouth Bass","Micropterus salmoides","2007","0.097","ug/g ww","38.2541","-121.6724"
"Largemouth Bass","Micropterus salmoides","2007","0.495","ug/g ww","38.2541","-121.6724"
"Largemouth Bass","Micropterus salmoides","2016","0.597","ug/g ww","38.24213","-121.68539"
"Largemouth Bass","Micropterus salmoides","2016","0.302","ug/g ww","38.24213","-121.68539"
"Largemouth Bass","Micropterus salmoides","2016","0.719","ug/g ww","38.24213","-121.68539"
"Largemouth Bass","Micropterus salmoides","2016","0.166","ug/g ww","38.24213","-121.68539"
"Largemouth Bass","Micropterus salmoides","2016","0.282","ug/g ww","38.24213","-121.68539"
"Largemouth Bass","Micropterus salmoides","2016","0.227","ug/g ww","38.24213","-121.68539"
"Largemouth Bass","Micropterus salmoides","2016","0.295","ug/g ww","38.24213","-121.68539"
"Largemouth Bass","Micropterus salmoides","2016","0.428","ug/g ww","38.24213","-121.68539"
"Largemouth Bass","Micropterus salmoides","2016","0.44","ug/g ww","38.24213","-121.68539"
"Largemouth Bass","Micropterus salmoides","2016","0.197","ug/g ww","38.24213","-121.68539"
"Largemouth Bass","Micropterus salmoides","2016","0.232","ug/g ww","38.24213","-121.68539"
"Largemouth Bass","Micropterus salmoides","2007","0.272","ug/g ww","38.0227","-121.7285"
"Largemouth Bass","Micropterus salmoides","2016","1.05","ug/g ww","38.24213","-121.68539"
"Largemouth Bass","Micropterus salmoides","2016","0.957","ug/g ww","38.24213","-121.68539"
"Largemouth Bass","Micropterus salmoides","2016","0.331","ug/g ww","38.24213","-121.68539"
"Largemouth Bass","Micropterus salmoides","2016","0.733","ug/g ww","38.24213","-121.68539"
"Largemouth Bass","Micropterus salmoides","1995","0.43","ug/g ww","37.8904","-121.7253"
"Largemouth Bass","Micropterus salmoides","1995","0.59","ug/g ww","37.8904","-121.7253"
"Largemouth Bass","Micropterus salmoides","1995","0.33","ug/g ww","37.8904","-121.7253"
"Largemouth Bass","Micropterus salmoides","1995","1.04","ug/g ww","37.8904","-121.7253"
"Largemouth Bass","Micropterus salmoides","1995","0.84","ug/g ww","37.8904","-121.7253"
"Striped Bass","Morone saxatilis","2006","0.296","ug/g ww","38.25441","-121.67246"
"Largemouth Bass","Micropterus salmoides","1995","0.41","ug/g ww","37.8904","-121.7253"
"Largemouth Bass","Micropterus salmoides","1995","0.29","ug/g ww","37.8904","-121.7253"
"Largemouth Bass","Micropterus salmoides","1995","0.92","ug/g ww","37.8904","-121.7253"
"Largemouth Bass","Micropterus salmoides","1995","0.64","ug/g ww","37.8904","-121.7253"
"Largemouth Bass","Micropterus salmoides","1995","0.36","ug/g ww","37.8904","-121.7253"
"Largemouth Bass","Micropterus salmoides","1995","0.66","ug/g ww","37.8904","-121.7253"
"Largemouth Bass","Micropterus salmoides","1995","0.26","ug/g ww","37.8904","-121.7253"
"Largemouth Bass","Micropterus salmoides","1995","0.72","ug/g ww","37.8904","-121.7253"
"Largemouth Bass","Micropterus salmoides","1995","0.9","ug/g ww","37.8904","-121.7253"
"Largemouth Bass","Micropterus salmoides","1995","1.21","ug/g ww","37.8904","-121.7253"
"Largemouth Bass","Micropterus salmoides","1995","0.24","ug/g ww","37.8904","-121.7253"
"Largemouth Bass","Micropterus salmoides","1995","0.35","ug/g ww","37.8904","-121.7253"
"Largemouth Bass","Micropterus salmoides","1995","0.23","ug/g ww","37.8904","-121.7253"
"Largemouth Bass","Micropterus salmoides","1995","0.55","ug/g ww","37.8904","-121.7253"
"Largemouth Bass","Micropterus salmoides","1995","0.32","ug/g ww","37.8904","-121.7253"
"Largemouth Bass","Micropterus salmoides","1995","0.32","ug/g ww","37.8904","-121.7253"
"Largemouth Bass","Micropterus salmoides","1995","0.33","ug/g ww","37.8904","-121.7253"
"Largemouth Bass","Micropterus salmoides","1995","0.42","ug/g ww","37.8904","-121.7253"
"Largemouth Bass","Micropterus salmoides","1995","0.33","ug/g ww","37.8904","-121.7253"
"Largemouth Bass","Micropterus salmoides","1995","0.31","ug/g ww","37.8904","-121.7253"
"Largemouth Bass","Micropterus salmoides","1995","0.86","ug/g ww","37.8904","-121.7253"
"Largemouth Bass","Micropterus salmoides","1995","0.58","ug/g ww","37.8904","-121.7253"
"Largemouth Bass","Micropterus salmoides","1995","0.71","ug/g ww","37.8904","-121.7253"
"Largemouth Bass","Micropterus salmoides","1996","0.3","ug/g ww","37.8904","-121.7253"
"Largemouth Bass","Micropterus salmoides","1996","0.51","ug/g ww","37.8904","-121.7253"
"Largemouth Bass","Micropterus salmoides","1996","0.61","ug/g ww","37.8904","-121.7253"
"Largemouth Bass","Micropterus salmoides","1996","0.72","ug/g ww","37.8904","-121.7253"
"Largemouth Bass","Micropterus salmoides","1996","0.4","ug/g ww","37.8904","-121.7253"
"Largemouth Bass","Micropterus salmoides","1996","0.47","ug/g ww","37.8904","-121.7253"
"Largemouth Bass","Micropterus salmoides","1996","0.56","ug/g ww","37.8904","-121.7253"
"Largemouth Bass","Micropterus salmoides","1996","0.71","ug/g ww","37.8904","-121.7253"
"Largemouth Bass","Micropterus salmoides","1996","0.33","ug/g ww","37.8904","-121.7253"
"Largemouth Bass","Micropterus salmoides","1996","0.38","ug/g ww","37.8904","-121.7253"
"Largemouth Bass","Micropterus salmoides","1996","0.57","ug/g ww","37.8904","-121.7253"
"Largemouth Bass","Micropterus salmoides","1996","0.43","ug/g ww","37.8904","-121.7253"
"Largemouth Bass","Micropterus salmoides","1996","0.29","ug/g ww","37.8904","-121.7253"
"Largemouth Bass","Micropterus salmoides","1996","0.44","ug/g ww","37.8904","-121.7253"
"Largemouth Bass","Micropterus salmoides","1997","0.54","ug/g ww","37.8904","-121.7253"
"Largemouth Bass","Micropterus salmoides","1997","0.53","ug/g ww","37.8904","-121.7253"
"Largemouth Bass","Micropterus salmoides","1997","0.57","ug/g ww","37.8904","-121.7253"
"Largemouth Bass","Micropterus salmoides","1997","0.61","ug/g ww","37.8904","-121.7253"
"Largemouth Bass","Micropterus salmoides","1997","0.45","ug/g ww","37.8904","-121.7253"
"Largemouth Bass","Micropterus salmoides","1997","0.69","ug/g ww","37.8904","-121.7253"
"Largemouth Bass","Micropterus salmoides","1997","0.5","ug/g ww","37.8904","-121.7253"
"Largemouth Bass","Micropterus salmoides","1997","0.52","ug/g ww","37.8904","-121.7253"
"Largemouth Bass","Micropterus salmoides","1997","0.5","ug/g ww","37.8904","-121.7253"
"Largemouth Bass","Micropterus salmoides","1997","0.72","ug/g ww","37.8904","-121.7253"
"Largemouth Bass","Micropterus salmoides","1997","0.5","ug/g ww","37.8904","-121.7253"
"Largemouth Bass","Micropterus salmoides","1997","0.59","ug/g ww","37.8904","-121.7253"
"Largemouth Bass","Micropterus salmoides","1997","0.51","ug/g ww","37.8904","-121.7253"
"Largemouth Bass","Micropterus salmoides","1998","0.07763371","ug/g ww","38.00833","-121.6225"
"Largemouth Bass","Micropterus salmoides","1998","0.05218342","ug/g ww","38.0569","-121.6141"
"Largemouth Bass","Micropterus salmoides","1998","0.07580794","ug/g ww","38.0569","-121.6141"
"Largemouth Bass","Micropterus salmoides","1998","0.0445583","ug/g ww","38.0569","-121.6141"
"Largemouth Bass","Micropterus salmoides","1998","0.01066272","ug/g ww","38.00833","-121.6225"
"Largemouth Bass","Micropterus salmoides","1998","0.07632799","ug/g ww","38.00833","-121.6225"
"Largemouth Bass","Micropterus salmoides","1999","0.699","ug/g ww","38.00833","-121.6225"
"Largemouth Bass","Micropterus salmoides","1999","0.586","ug/g ww","38.00833","-121.6225"
"Largemouth Bass","Micropterus salmoides","1999","0.278","ug/g ww","38.00833","-121.6225"
"Largemouth Bass","Micropterus salmoides","1999","0.226","ug/g ww","38.00833","-121.6225"
"Largemouth Bass","Micropterus salmoides","1999","0.642","ug/g ww","38.00833","-121.6225"
"Largemouth Bass","Micropterus salmoides","1999","0.422","ug/g ww","38.00833","-121.6225"
"Largemouth Bass","Micropterus salmoides","1999","0.268","ug/g ww","38.00833","-121.6225"
"Largemouth Bass","Micropterus salmoides","1999","0.01882958","ug/g ww","38.0569","-121.6141"
"Largemouth Bass","Micropterus salmoides","1999","0.05937079","ug/g ww","37.9102","-121.6011"
"Largemouth Bass","Micropterus salmoides","2000","0.46281413","ug/g ww","38.0141","-121.72971"
"Largemouth Bass","Micropterus salmoides","2000","0.3013875","ug/g ww","38.02666","-121.59733"
"Largemouth Bass","Micropterus salmoides","2000","0.08142938","ug/g ww","38.02666","-121.59733"
"Largemouth Bass","Micropterus salmoides","2000","0.41294118","ug/g ww","38.0141","-121.72971"
"Largemouth Bass","Micropterus salmoides","2000","0.30822746","ug/g ww","38.0141","-121.72971"
"Largemouth Bass","Micropterus salmoides","2000","0.12280512","ug/g ww","38.02666","-121.59733"
"Largemouth Bass","Micropterus salmoides","2000","0.3864978","ug/g ww","38.02666","-121.59733"
"Largemouth Bass","Micropterus salmoides","2000","0.34412204","ug/g ww","38.0141","-121.72971"
"Largemouth Bass","Micropterus salmoides","2000","0.2243916","ug/g ww","38.0141","-121.72971"
"Largemouth Bass","Micropterus salmoides","2000","0.06584397","ug/g ww","38.02666","-121.59733"
"Largemouth Bass","Micropterus salmoides","2000","0.33298052","ug/g ww","38.0141","-121.72971"
"Largemouth Bass","Micropterus salmoides","2000","0.12977852","ug/g ww","38.0141","-121.72971"
"Largemouth Bass","Micropterus salmoides","2000","0.07208799","ug/g ww","38.02666","-121.59733"
"Largemouth Bass","Micropterus salmoides","2000","0.41055656","ug/g ww","38.0141","-121.72971"
"Largemouth Bass","Micropterus salmoides","2000","0.21716381","ug/g ww","38.0141","-121.72971"
"Largemouth Bass","Micropterus salmoides","2000","0.4684225","ug/g ww","38.02666","-121.59733"
"Largemouth Bass","Micropterus salmoides","2000","0.0817131","ug/g ww","38.02666","-121.59733"
"Largemouth Bass","Micropterus salmoides","2000","0.18460409","ug/g ww","38.0141","-121.72971"
"Largemouth Bass","Micropterus salmoides","2000","0.1771056","ug/g ww","38.02666","-121.59733"
"Largemouth Bass","Micropterus salmoides","2000","0.1671031","ug/g ww","38.02666","-121.59733"
"Largemouth Bass","Micropterus salmoides","2002","0.292","ug/g ww","37.88388","-122.13972"
"Largemouth Bass","Micropterus salmoides","2002","0.347","ug/g ww","37.88388","-122.13972"
"Largemouth Bass","Micropterus salmoides","2002","0.656","ug/g ww","37.88388","-122.13972"
"Largemouth Bass","Micropterus salmoides","2005","0.303","ug/g ww","37.9357","-121.6096"
"Largemouth Bass","Micropterus salmoides","2005","0.188","ug/g ww","37.9357","-121.6096"
"Largemouth Bass","Micropterus salmoides","2005","0.157","ug/g ww","37.9357","-121.6096"
"Largemouth Bass","Micropterus salmoides","2005","0.137","ug/g ww","37.9357","-121.6096"
"Largemouth Bass","Micropterus salmoides","2005","0.145","ug/g ww","37.9357","-121.6096"
"Largemouth Bass","Micropterus salmoides","2005","0.107","ug/g ww","37.9357","-121.6096"
"Largemouth Bass","Micropterus salmoides","2005","0.134","ug/g ww","37.9357","-121.6096"
"Largemouth Bass","Micropterus salmoides","2005","0.14","ug/g ww","37.9357","-121.6096"
"Largemouth Bass","Micropterus salmoides","2005","0.172","ug/g ww","37.9357","-121.6096"
"Largemouth Bass","Micropterus salmoides","2005","0.153","ug/g ww","37.9357","-121.6096"
"Largemouth Bass","Micropterus salmoides","2005","0.13","ug/g ww","38.0115","-121.6214"
"Largemouth Bass","Micropterus salmoides","2005","0.201","ug/g ww","38.0115","-121.6214"
"Largemouth Bass","Micropterus salmoides","2005","0.2","ug/g ww","38.0115","-121.6214"
"Largemouth Bass","Micropterus salmoides","2005","0.326","ug/g ww","38.0115","-121.6214"
"Largemouth Bass","Micropterus salmoides","2005","0.419","ug/g ww","38.0115","-121.6214"
"Largemouth Bass","Micropterus salmoides","2005","0.161","ug/g ww","38.0115","-121.6214"
"Largemouth Bass","Micropterus salmoides","2005","0.116","ug/g ww","38.0115","-121.6214"
"Largemouth Bass","Micropterus salmoides","2005","0.121","ug/g ww","38.0115","-121.6214"
"Largemouth Bass","Micropterus salmoides","2005","0.274","ug/g ww","38.0115","-121.6214"
"Largemouth Bass","Micropterus salmoides","2005","0.253","ug/g ww","38.0215","-121.6581"
"Largemouth Bass","Micropterus salmoides","2005","0.191","ug/g ww","38.0215","-121.6581"
"Largemouth Bass","Micropterus salmoides","2005","0.16","ug/g ww","38.0215","-121.6581"
"Largemouth Bass","Micropterus salmoides","2005","0.133","ug/g ww","38.0215","-121.6581"
"Largemouth Bass","Micropterus salmoides","2005","0.154","ug/g ww","38.0215","-121.6581"
"Largemouth Bass","Micropterus salmoides","2005","0.118","ug/g ww","38.0215","-121.6581"
"Largemouth Bass","Micropterus salmoides","2005","0.392","ug/g ww","38.0215","-121.6581"
"Largemouth Bass","Micropterus salmoides","2005","0.189","ug/g ww","38.0215","-121.6581"
"Largemouth Bass","Micropterus salmoides","2005","0.168","ug/g ww","38.0215","-121.6581"
"Largemouth Bass","Micropterus salmoides","2005","0.166","ug/g ww","38.0215","-121.6581"
"Largemouth Bass","Micropterus salmoides","2005","0.207","ug/g ww","38.0215","-121.6581"
"Largemouth Bass","Micropterus salmoides","2005","0.189","ug/g ww","38.0215","-121.6581"
"Largemouth Bass","Micropterus salmoides","2005","0.096","ug/g ww","38.0215","-121.6581"
"Largemouth Bass","Micropterus salmoides","2005","0.294","ug/g ww","37.83834","-121.60141"
"Largemouth Bass","Micropterus salmoides","2005","0.283","ug/g ww","37.83834","-121.60141"
"Largemouth Bass","Micropterus salmoides","2005","0.263","ug/g ww","37.83834","-121.60141"
"Largemouth Bass","Micropterus salmoides","2005","0.271","ug/g ww","37.83834","-121.60141"
"Largemouth Bass","Micropterus salmoides","2005","0.283","ug/g ww","37.83834","-121.60141"
"Largemouth Bass","Micropterus salmoides","2005","0.205","ug/g ww","37.83834","-121.60141"
"Largemouth Bass","Micropterus salmoides","2005","0.151","ug/g ww","38.0419","-121.6247"
"Largemouth Bass","Micropterus salmoides","2005","0.494","ug/g ww","38.0419","-121.6247"
"Largemouth Bass","Micropterus salmoides","2005","0.152","ug/g ww","38.0419","-121.6247"
"Largemouth Bass","Micropterus salmoides","2005","0.279","ug/g ww","38.0419","-121.6247"
"Largemouth Bass","Micropterus salmoides","2005","0.156","ug/g ww","38.0419","-121.6247"
"Largemouth Bass","Micropterus salmoides","2005","0.17","ug/g ww","38.0419","-121.6247"
"Largemouth Bass","Micropterus salmoides","2007","0.119","ug/g ww","38.0419","-121.6247"
"Largemouth Bass","Micropterus salmoides","2005","0.214","ug/g ww","38.0419","-121.6247"
"Largemouth Bass","Micropterus salmoides","2005","0.203","ug/g ww","38.0419","-121.6247"
"Largemouth Bass","Micropterus salmoides","2005","0.289","ug/g ww","38.0227","-121.7285"
"Largemouth Bass","Micropterus salmoides","2005","0.192","ug/g ww","38.0227","-121.7285"
"Largemouth Bass","Micropterus salmoides","2005","0.199","ug/g ww","38.0227","-121.7285"
"Largemouth Bass","Micropterus salmoides","2005","0.173","ug/g ww","38.0227","-121.7285"
"Largemouth Bass","Micropterus salmoides","2005","0.354","ug/g ww","38.0227","-121.7285"
"Largemouth Bass","Micropterus salmoides","2007","0.246","ug/g ww","38.0419","-121.6247"
"Largemouth Bass","Micropterus salmoides","2005","0.235","ug/g ww","38.0227","-121.7285"
"Largemouth Bass","Micropterus salmoides","2005","0.149","ug/g ww","38.0227","-121.7285"
"Largemouth Bass","Micropterus salmoides","2005","0.382","ug/g ww","38.0227","-121.7285"
"Largemouth Bass","Micropterus salmoides","2005","0.252","ug/g ww","38.0227","-121.7285"
"Largemouth Bass","Micropterus salmoides","2005","0.403","ug/g ww","38.0227","-121.7285"
"Largemouth Bass","Micropterus salmoides","2005","0.378","ug/g ww","38.0227","-121.7285"
"Largemouth Bass","Micropterus salmoides","2005","0.139","ug/g ww","37.83834","-121.60141"
"Largemouth Bass","Micropterus salmoides","2005","0.126","ug/g ww","37.9139","-121.6068"
"Largemouth Bass","Micropterus salmoides","2005","0.239","ug/g ww","37.9139","-121.6068"
"Largemouth Bass","Micropterus salmoides","2005","0.314","ug/g ww","37.83834","-121.60141"
"Largemouth Bass","Micropterus salmoides","2005","0.258","ug/g ww","37.83834","-121.60141"
"Largemouth Bass","Micropterus salmoides","2005","0.227","ug/g ww","37.9139","-121.6068"
"Largemouth Bass","Micropterus salmoides","2005","0.129","ug/g ww","37.9139","-121.6068"
"Largemouth Bass","Micropterus salmoides","2005","0.141","ug/g ww","37.9139","-121.6068"
"Largemouth Bass","Micropterus salmoides","2005","0.222","ug/g ww","37.9139","-121.6068"
"Largemouth Bass","Micropterus salmoides","2005","0.13","ug/g ww","37.9139","-121.6068"
"Largemouth Bass","Micropterus salmoides","2005","0.175","ug/g ww","37.9139","-121.6068"
"Largemouth Bass","Micropterus salmoides","2005","0.207","ug/g ww","37.9139","-121.6068"
"Largemouth Bass","Micropterus salmoides","2005","0.165","ug/g ww","37.9139","-121.6068"
"Largemouth Bass","Micropterus salmoides","2007","0.201","ug/g ww","38.0227","-121.7285"
"Largemouth Bass","Micropterus salmoides","2007","0.152","ug/g ww","38.0227","-121.7285"
"Largemouth Bass","Micropterus salmoides","2007","0.216","ug/g ww","38.0227","-121.7285"
"Largemouth Bass","Micropterus salmoides","2007","0.154","ug/g ww","38.0227","-121.7285"
"Largemouth Bass","Micropterus salmoides","2007","0.227","ug/g ww","38.0227","-121.7285"
"Largemouth Bass","Micropterus salmoides","2007","0.12","ug/g ww","38.0419","-121.6247"
"Largemouth Bass","Micropterus salmoides","2007","0.134","ug/g ww","38.0419","-121.6247"
"Largemouth Bass","Micropterus salmoides","2007","0.188","ug/g ww","38.0419","-121.6247"
"Largemouth Bass","Micropterus salmoides","2007","0.395","ug/g ww","38.0419","-121.6247"
"Largemouth Bass","Micropterus salmoides","2007","0.227","ug/g ww","38.0419","-121.6247"
"Largemouth Bass","Micropterus salmoides","2007","0.254","ug/g ww","38.0227","-121.7285"
"Largemouth Bass","Micropterus salmoides","2007","0.166","ug/g ww","38.0227","-121.7285"
"Largemouth Bass","Micropterus salmoides","2007","0.205","ug/g ww","38.0227","-121.7285"
"Largemouth Bass","Micropterus salmoides","2007","0.258","ug/g ww","38.0227","-121.7285"
"Largemouth Bass","Micropterus salmoides","2007","0.447","ug/g ww","38.0227","-121.7285"
"Largemouth Bass","Micropterus salmoides","2007","0.287","ug/g ww","38.0227","-121.7285"
"Largemouth Bass","Micropterus salmoides","2007","0.263","ug/g ww","38.0227","-121.7285"
"Largemouth Bass","Micropterus salmoides","2007","0.463","ug/g ww","38.0419","-121.6247"
"Largemouth Bass","Micropterus salmoides","2007","0.378","ug/g ww","38.0419","-121.6247"
"Largemouth Bass","Micropterus salmoides","2007","0.263","ug/g ww","38.0419","-121.6247"
"Largemouth Bass","Micropterus salmoides","2007","0.206","ug/g ww","38.0419","-121.6247"
"Largemouth Bass","Micropterus salmoides","2007","0.116","ug/g ww","38.0419","-121.6247"
"Largemouth Bass","Micropterus salmoides","2007","0.109","ug/g ww","38.0419","-121.6247"
"Striped Bass","Morone saxatilis","2006","0.258","ug/g ww","38.25441","-121.67246"
"Largemouth Bass","Micropterus salmoides","2001","1.46","ug/g ww","37.29388","-122.07805"
"Largemouth Bass","Micropterus salmoides","2001","1.56","ug/g ww","37.29388","-122.07805"
"Largemouth Bass","Micropterus salmoides","2001","1.4","ug/g ww","37.29388","-122.07805"
"Largemouth Bass","Micropterus salmoides","2001","0.68","ug/g ww","37.16611","-121.625"
"Largemouth Bass","Micropterus salmoides","2001","1.17","ug/g ww","37.16611","-121.625"
"Largemouth Bass","Micropterus salmoides","2001","1.46","ug/g ww","37.16611","-121.625"
"Largemouth Bass","Micropterus salmoides","2003","6.605","ug/g ww","37.1925","-121.8727"
"Largemouth Bass","Micropterus salmoides","2015","0.085","ug/g ww","37.443787","-121.961369"
"Largemouth Bass","Micropterus salmoides","2015","0.096","ug/g ww","37.443787","-121.961369"
"Largemouth Bass","Micropterus salmoides","2015","0.558","ug/g ww","37.443787","-121.961369"
"Largemouth Bass","Micropterus salmoides","2015","0.053","ug/g ww","37.443787","-121.961369"
"Largemouth Bass","Micropterus salmoides","2015","0.369","ug/g ww","37.443787","-121.961369"
"Largemouth Bass","Micropterus salmoides","2015","0.473","ug/g ww","37.443787","-121.961369"
"Largemouth Bass","Micropterus salmoides","2015","0.181","ug/g ww","37.443787","-121.961369"
"Largemouth Bass","Micropterus salmoides","2015","0.072","ug/g ww","37.443787","-121.961369"
"Largemouth Bass","Micropterus salmoides","2015","0.329","ug/g ww","37.443787","-121.961369"
"Largemouth Bass","Micropterus salmoides","2015","0.622","ug/g ww","37.443787","-121.961369"
"Largemouth Bass","Micropterus salmoides","2015","0.247","ug/g ww","37.443787","-121.961369"
"Largemouth Bass","Micropterus salmoides","2015","0.254","ug/g ww","37.443787","-121.961369"
"Largemouth Bass","Micropterus salmoides","2015","0.057","ug/g ww","37.443787","-121.961369"
"Largemouth Bass","Micropterus salmoides","2000","1.03","ug/g ww","38.1475","-122.77722"
"Largemouth Bass","Micropterus salmoides","2000","0.812","ug/g ww","38.1475","-122.77722"
"Largemouth Bass","Micropterus salmoides","2000","0.405","ug/g ww","38.1475","-122.77722"
"Largemouth Bass","Micropterus salmoides","2001","1.45","ug/g ww","38.1475","-122.77722"
"Largemouth Bass","Micropterus salmoides","2001","0.88","ug/g ww","38.1475","-122.77722"
"Largemouth Bass","Micropterus salmoides","2001","0.752","ug/g ww","38.1475","-122.77722"
"Largemouth Bass","Micropterus salmoides","2001","0.899","ug/g ww","37.95472","-122.60583"
"Largemouth Bass","Micropterus salmoides","2001","1.87","ug/g ww","38.1475","-122.77722"
"Largemouth Bass","Micropterus salmoides","2001","0.54","ug/g ww","38.1475","-122.77722"
"Largemouth Bass","Micropterus salmoides","2001","0.671","ug/g ww","38.1475","-122.77722"
"Largemouth Bass","Micropterus salmoides","2001","0.536","ug/g ww","37.95472","-122.60583"
"Largemouth Bass","Micropterus salmoides","2001","0.372","ug/g ww","38.0879","-122.73"
"Largemouth Bass","Micropterus salmoides","2001","1.29","ug/g ww","38.0879","-122.73"
"Largemouth Bass","Micropterus salmoides","2001","0.173","ug/g ww","38.0879","-122.73"
"Pacific Staghorn Sculpin","Leptocottus armatus","2000","0.17","ug/g ww","37.79533","-122.32083"
"Pacific Staghorn Sculpin","Leptocottus armatus","2000","0.06","ug/g ww","37.81183","-122.34667"
"Pacific Staghorn Sculpin","Leptocottus armatus","2000","0.11","ug/g ww","37.86683","-122.31717"
"Pacific Staghorn Sculpin","Leptocottus armatus","2007","0.0544","ug/g ww","37.88875","-122.30985"
"Pacific Staghorn Sculpin","Leptocottus armatus","2007","0.0341","ug/g ww","37.88875","-122.30985"
"Striped Bass","Morone saxatilis","2006","0.257","ug/g ww","38.25441","-121.67246"
"Pacific Staghorn Sculpin","Leptocottus armatus","2014","0.155","ug/g ww","37.7902335","-122.2860155"
"Pacific Staghorn Sculpin","Leptocottus armatus","1999","0.0424","ug/g ww","38.30695","-122.99457"
"Pacific Staghorn Sculpin","Leptocottus armatus","2013","0.0419362188938973","ug/g ww","38.161182","-122.383791"
"Pacific Staghorn Sculpin","Leptocottus armatus","2000","0.04","ug/g ww","38.20417","-122.57017"
"Pacific Staghorn Sculpin","Leptocottus armatus","2012","0.0423558548305344","ug/g ww","38.161182","-122.383791"
"Pacific Staghorn Sculpin","Leptocottus armatus","2012","0.0494545821397252","ug/g ww","38.161182","-122.383791"
"Pacific Staghorn Sculpin","Leptocottus armatus","2012","0.0964236078631396","ug/g ww","38.161182","-122.383791"
"Pacific Staghorn Sculpin","Leptocottus armatus","2013","0.0470791797165094","ug/g ww","38.119167","-122.481361"
"Pacific Staghorn Sculpin","Leptocottus armatus","2013","0.0340924211432716","ug/g ww","38.161182","-122.383791"
"Pacific Staghorn Sculpin","Leptocottus armatus","2013","0.0308391404649033","ug/g ww","38.161182","-122.383791"
"Pacific Staghorn Sculpin","Leptocottus armatus","2013","0.0310199755506341","ug/g ww","38.119167","-122.481361"
"Pacific Staghorn Sculpin","Leptocottus armatus","2013","0.0361837774979285","ug/g ww","38.119167","-122.481361"
"Pacific Staghorn Sculpin","Leptocottus armatus","2013","0.0309962126994592","ug/g ww","38.119167","-122.481361"
"Pacific Staghorn Sculpin","Leptocottus armatus","2012","0.016686188831818","ug/g ww","38.16019","-122.33503"
"Pacific Staghorn Sculpin","Leptocottus armatus","2012","0.0171537046068946","ug/g ww","38.1703","-122.27525"
"Pacific Staghorn Sculpin","Leptocottus armatus","2012","0.0284201551868254","ug/g ww","38.201461","-122.299493"
"Pacific Staghorn Sculpin","Leptocottus armatus","2012","0.027905068592523","ug/g ww","38.201461","-122.299493"
"Pacific Staghorn Sculpin","Leptocottus armatus","2012","0.0237364870416402","ug/g ww","38.1703","-122.27525"
"Pacific Staghorn Sculpin","Leptocottus armatus","2012","0.024577236451657","ug/g ww","38.20715","-122.29176"
"Pacific Staghorn Sculpin","Leptocottus armatus","2012","0.019416172139407","ug/g ww","38.201461","-122.299493"
"Pacific Staghorn Sculpin","Leptocottus armatus","2012","0.020909976482586","ug/g ww","38.20715","-122.29176"
"Pacific Staghorn Sculpin","Leptocottus armatus","2012","0.0148839981567785","ug/g ww","38.16019","-122.33503"
"Pacific Staghorn Sculpin","Leptocottus armatus","2012","0.0237684997204814","ug/g ww","38.20715","-122.29176"
"Pacific Staghorn Sculpin","Leptocottus armatus","2012","0.0193356885698455","ug/g ww","38.1703","-122.27525"
"Pacific Staghorn Sculpin","Leptocottus armatus","2012","0.0165454274031849","ug/g ww","38.16019","-122.33503"
"Pacific Staghorn Sculpin","Leptocottus armatus","2012","0.0224540825867514","ug/g ww","38.16179","-122.30691"
"Pacific Staghorn Sculpin","Leptocottus armatus","2012","0.0389652738321236","ug/g ww","38.205975","-122.300066"
"Pacific Staghorn Sculpin","Leptocottus armatus","2012","0.0315549766173293","ug/g ww","38.205975","-122.300066"
"Pacific Staghorn Sculpin","Leptocottus armatus","2012","0.0329741600695435","ug/g ww","38.205975","-122.300066"
"Pacific Staghorn Sculpin","Leptocottus armatus","2012","0.0331584992101106","ug/g ww","38.16179","-122.30691"
"Pacific Staghorn Sculpin","Leptocottus armatus","2012","0.0280132076198465","ug/g ww","38.16179","-122.30691"
"Pacific Staghorn Sculpin","Leptocottus armatus","2012","0.0286890996284877","ug/g ww","38.16179","-122.30691"
"Pacific Staghorn Sculpin","Leptocottus armatus","2013","0.0295963714474618","ug/g ww","38.205975","-122.300066"
"Pacific Staghorn Sculpin","Leptocottus armatus","2013","0.0282634233938133","ug/g ww","38.205975","-122.300066"
"Pacific Staghorn Sculpin","Leptocottus armatus","2013","0.0288833686716726","ug/g ww","38.205975","-122.300066"
"Pacific Staghorn Sculpin","Leptocottus armatus","2013","0.0297300149159577","ug/g ww","38.205975","-122.300066"
"Pacific Staghorn Sculpin","Leptocottus armatus","2013","0.0230302349101109","ug/g ww","38.16019","-122.33503"
"Pacific Staghorn Sculpin","Leptocottus armatus","2013","0.0227296083329351","ug/g ww","38.16019","-122.33503"
"Pacific Staghorn Sculpin","Leptocottus armatus","2013","0.0321644266061889","ug/g ww","38.16179","-122.30691"
"Pacific Staghorn Sculpin","Leptocottus armatus","2013","0.0277297375438763","ug/g ww","38.205975","-122.300066"
"Pacific Staghorn Sculpin","Leptocottus armatus","2013","0.0383668505783051","ug/g ww","38.16179","-122.30691"
"Pacific Staghorn Sculpin","Leptocottus armatus","2013","0.0295668401206447","ug/g ww","38.16179","-122.30691"
"Pacific Staghorn Sculpin","Leptocottus armatus","2013","0.0259893670323749","ug/g ww","38.205975","-122.300066"
"Pacific Staghorn Sculpin","Leptocottus armatus","2013","0.0376749893383685","ug/g ww","38.16179","-122.30691"
"Pacific Staghorn Sculpin","Leptocottus armatus","2013","0.0253024071042146","ug/g ww","38.205975","-122.300066"
"Pacific Staghorn Sculpin","Leptocottus armatus","2013","0.0221160140265852","ug/g ww","38.16019","-122.33503"
"Pacific Staghorn Sculpin","Leptocottus armatus","2000","0.11","ug/g ww","38.09083","-122.0565"
"Pacific Staghorn Sculpin","Leptocottus armatus","2000","0.07","ug/g ww","38.09683","-122.35233"
"Pacific Staghorn Sculpin","Leptocottus armatus","2012","0.0419224484893512","ug/g ww","38.13662","-122.28437"
"Pacific Staghorn Sculpin","Leptocottus armatus","2012","0.0759334280638985","ug/g ww","38.15434","-122.34571"
"Pacific Staghorn Sculpin","Leptocottus armatus","2012","0.0245796354558149","ug/g ww","38.15434","-122.34571"
"Pacific Staghorn Sculpin","Leptocottus armatus","2012","0.0616866612586202","ug/g ww","38.13662","-122.28437"
"Pacific Staghorn Sculpin","Leptocottus armatus","2012","0.0336222618493841","ug/g ww","38.15245","-122.3291"
"Pacific Staghorn Sculpin","Leptocottus armatus","2012","0.0311089126506427","ug/g ww","38.15245","-122.3291"
"Pacific Staghorn Sculpin","Leptocottus armatus","2012","0.0294755341617323","ug/g ww","38.15245","-122.3291"
"Pacific Staghorn Sculpin","Leptocottus armatus","2012","0.0265247969665921","ug/g ww","38.15434","-122.34571"
"Pacific Staghorn Sculpin","Leptocottus armatus","2012","0.0582350175254048","ug/g ww","38.13662","-122.28437"
"Pacific Staghorn Sculpin","Leptocottus armatus","2013","0.0394217347924686","ug/g ww","38.15245","-122.3291"
"Pacific Staghorn Sculpin","Leptocottus armatus","2013","0.0264242486275934","ug/g ww","38.15434","-122.34571"
"Pacific Staghorn Sculpin","Leptocottus armatus","2013","0.0453021411789653","ug/g ww","38.13662","-122.28437"
"Pacific Staghorn Sculpin","Leptocottus armatus","2013","0.0305482081408541","ug/g ww","38.15245","-122.3291"
"Pacific Staghorn Sculpin","Leptocottus armatus","2013","0.0460636398295625","ug/g ww","38.13662","-122.28437"
"Pacific Staghorn Sculpin","Leptocottus armatus","2013","0.0495772166643479","ug/g ww","38.13662","-122.28437"
"Pacific Staghorn Sculpin","Leptocottus armatus","2013","0.0445317702475324","ug/g ww","38.13662","-122.28437"
"Pacific Staghorn Sculpin","Leptocottus armatus","2013","0.0218663661685979","ug/g ww","38.15434","-122.34571"
"Pacific Staghorn Sculpin","Leptocottus armatus","2013","0.0312656259979018","ug/g ww","38.15245","-122.3291"
"Pacific Staghorn Sculpin","Leptocottus armatus","2013","0.0248976698105019","ug/g ww","38.15434","-122.34571"
"Pacific Staghorn Sculpin","Leptocottus armatus","2014","0.068","ug/g ww","38.04","-122.16"
"Pacific Staghorn Sculpin","Leptocottus armatus","2000","0.09","ug/g ww","38.02883","-122.3315"
"Pacific Staghorn Sculpin","Leptocottus armatus","2007","0.063","ug/g ww","37.9041233333333","-122.319316666667"
"Pacific Staghorn Sculpin","Leptocottus armatus","2007","0.0628","ug/g ww","37.9041233333333","-122.319316666667"
"Pacific Staghorn Sculpin","Leptocottus armatus","2007","0.0452","ug/g ww","37.90505","-122.3222833"
"Pacific Staghorn Sculpin","Leptocottus armatus","2007","0.0448","ug/g ww","37.90505","-122.3222833"
"Pacific Staghorn Sculpin","Leptocottus armatus","2007","0.0473","ug/g ww","37.9041233333333","-122.319316666667"
"Pacific Staghorn Sculpin","Leptocottus armatus","2007","0.0515","ug/g ww","37.90505","-122.3222833"
"Striped Bass","Morone saxatilis","1997","0.263429014","ug/g ww","37.84908333","-122.3500833"
"Pacific Staghorn Sculpin","Leptocottus armatus","2014","0.067","ug/g ww","38.0518553846154","-122.33633008547"
"Pacific Staghorn Sculpin","Leptocottus armatus","2000","0.1","ug/g ww","37.463","-122.0235"
"Pacific Staghorn Sculpin","Leptocottus armatus","2000","0.09","ug/g ww","37.44967","-122.02017"
"Pacific Staghorn Sculpin","Leptocottus armatus","2014","0.034","ug/g ww","37.4926906666667","-122.12093"
"Pacific Staghorn Sculpin","Leptocottus armatus","2000","0.11","ug/g ww","37.80233","-122.345"
"Pacific Staghorn Sculpin","Leptocottus armatus","2000","0","ug/g ww","37.88","-122.38367"
"Pacific Staghorn Sculpin","Leptocottus armatus","2000","0.09","ug/g ww","37.8345","-122.35617"
"Pacific Staghorn Sculpin","Leptocottus armatus","2000","0.32","ug/g ww","37.71517","-122.367"
"Pacific Staghorn Sculpin","Leptocottus armatus","1995","0.23","ug/g ww","38.23333","-122.91305"
"Pacific Staghorn Sculpin","Leptocottus armatus","2000","0.1","ug/g ww","37.8675","-122.495"
"Pacific Staghorn Sculpin","Leptocottus armatus","2000","0.07","ug/g ww","37.8785","-122.47783"
"Pacific Staghorn Sculpin","Leptocottus armatus","2000","0.07","ug/g ww","37.8785","-122.47783"
"Pacific Staghorn Sculpin","Leptocottus armatus","2000","0.03","ug/g ww","37.96667","-122.46917"
"Pacific Staghorn Sculpin","Leptocottus armatus","2000","0","ug/g ww","37.90167","-122.46433"
"Pacific Staghorn Sculpin","Leptocottus armatus","2012","0.0713986882375498","ug/g ww","38.178662","-122.568323"
"Pacific Staghorn Sculpin","Leptocottus armatus","2012","0.0710050491335171","ug/g ww","38.178662","-122.568323"
"Striped Bass","Morone saxatilis","1994","0.245","ug/g ww","37.46378611","-121.9307"
"Pacific Staghorn Sculpin","Leptocottus armatus","2012","0.0453165769143886","ug/g ww","38.178662","-122.568323"
"Pacific Staghorn Sculpin","Leptocottus armatus","2012","0.0465514171315801","ug/g ww","38.178662","-122.568323"
"Pacific Staghorn Sculpin","Leptocottus armatus","2013","0.0285135080944729","ug/g ww","38.04814","-122.494443333333"
"Pacific Staghorn Sculpin","Leptocottus armatus","2013","0.0299062892393462","ug/g ww","38.04814","-122.494443333333"
"Pacific Staghorn Sculpin","Leptocottus armatus","2013","0.0245543313220095","ug/g ww","38.04814","-122.494443333333"
"Pacific Staghorn Sculpin","Leptocottus armatus","2013","0.0231078766877647","ug/g ww","38.04814","-122.494443333333"
"Pacific Staghorn Sculpin","Leptocottus armatus","2013","0.0251304881040994","ug/g ww","38.04814","-122.494443333333"
"Pacific Staghorn Sculpin","Leptocottus armatus","2013","0.0387575503382411","ug/g ww","38.178662","-122.568323"
"Pacific Staghorn Sculpin","Leptocottus armatus","2013","0.0456695510319892","ug/g ww","38.178662","-122.568323"
"Pacific Staghorn Sculpin","Leptocottus armatus","2013","0.0383048421359333","ug/g ww","38.178662","-122.568323"
"Pacific Staghorn Sculpin","Leptocottus armatus","2013","0.0410556644575239","ug/g ww","38.178662","-122.568323"
"Pacific Staghorn Sculpin","Leptocottus armatus","2013","0.0461312991960113","ug/g ww","38.178662","-122.568323"
"Pacific Staghorn Sculpin","Leptocottus armatus","2013","0.032213286070694","ug/g ww","38.178662","-122.568323"
"Striped Bass","Morone saxatilis","1994","0.15","ug/g ww","37.46378611","-121.9307"
"Striped Bass","Morone saxatilis","1994","0.286","ug/g ww","37.46378611","-121.9307"
"Striped Bass","Morone saxatilis","1994","0.232","ug/g ww","37.46378611","-121.9307"
"Striped Bass","Morone saxatilis","1994","0.444","ug/g ww","37.7868266666667","-122.275754444444"
"Striped Bass","Morone saxatilis","1994","0.327","ug/g ww","37.7685","-122.23"
"Striped Bass","Morone saxatilis","1997","0.352398215","ug/g ww","37.84908333","-122.3500833"
"Striped Bass","Morone saxatilis","2000","0.349","ug/g ww","37.8440014814286","-122.354307064286"
"Striped Bass","Morone saxatilis","2000","0.281","ug/g ww","37.8440014814286","-122.354307064286"
"Striped Bass","Morone saxatilis","2000","0.316","ug/g ww","37.8440014814286","-122.354307064286"
"Striped Bass","Morone saxatilis","2000","0.329","ug/g ww","37.8440014814286","-122.354307064286"
"Striped Bass","Morone saxatilis","2000","0.491","ug/g ww","37.8440014814286","-122.354307064286"
"Striped Bass","Morone saxatilis","2000","0.378","ug/g ww","37.8440014814286","-122.354307064286"
"Striped Bass","Morone saxatilis","2000","0.34","ug/g ww","37.8440014814286","-122.354307064286"
"Striped Bass","Morone saxatilis","2000","0.484","ug/g ww","37.8440014814286","-122.354307064286"
"Striped Bass","Morone saxatilis","2000","0.241","ug/g ww","37.8440014814286","-122.354307064286"
"Striped Bass","Morone saxatilis","2000","0.299","ug/g ww","37.8440014814286","-122.354307064286"
"Striped Bass","Morone saxatilis","2000","0.224","ug/g ww","37.8440014814286","-122.354307064286"
"Striped Bass","Morone saxatilis","2000","0.49","ug/g ww","37.8440014814286","-122.354307064286"
"Striped Bass","Morone saxatilis","2003","0.567","ug/g ww","37.8337935483871","-122.353771612903"
"Striped Bass","Morone saxatilis","2003","0.347","ug/g ww","37.8337935483871","-122.353771612903"
"Striped Bass","Morone saxatilis","2003","0.302","ug/g ww","37.8337935483871","-122.353771612903"
"Striped Bass","Morone saxatilis","2003","0.26","ug/g ww","37.8337935483871","-122.353771612903"
"Striped Bass","Morone saxatilis","2006","0.267","ug/g ww","37.8451824242424","-122.349945151515"
"Striped Bass","Morone saxatilis","2009","0.276","ug/g ww","37.8451824242424","-122.349945151515"
"Striped Bass","Morone saxatilis","2009","0.318","ug/g ww","37.8451824242424","-122.349945151515"
"Striped Bass","Morone saxatilis","2009","0.613","ug/g ww","37.8451824242424","-122.349945151515"
"Striped Bass","Morone saxatilis","2009","0.519","ug/g ww","37.8451824242424","-122.349945151515"
"Striped Bass","Morone saxatilis","2009","0.462","ug/g ww","37.8451824242424","-122.349945151515"
"Striped Bass","Morone saxatilis","2009","0.448","ug/g ww","37.8451824242424","-122.349945151515"
"Striped Bass","Morone saxatilis","2009","0.408","ug/g ww","37.8451824242424","-122.349945151515"
"Striped Bass","Morone saxatilis","2014","0.411","ug/g ww","37.8451824242424","-122.349945151515"
"Striped Bass","Morone saxatilis","2014","0.334","ug/g ww","37.8451824242424","-122.349945151515"
"Striped Bass","Morone saxatilis","2014","0.313","ug/g ww","37.8451824242424","-122.349945151515"
"Striped Bass","Morone saxatilis","2014","0.249","ug/g ww","37.8451824242424","-122.349945151515"
"Striped Bass","Morone saxatilis","1994","0.308","ug/g ww","38.13016667","-122.2788333"
"Striped Bass","Morone saxatilis","1997","0.529878177","ug/g ww","38.07477778","-122.0961111"
"Striped Bass","Morone saxatilis","1997","0.61","ug/g ww","38.225","-122.01027"
"Striped Bass","Morone saxatilis","1997","0.43","ug/g ww","38.225","-122.01027"
"Striped Bass","Morone saxatilis","1998","0.06540756","ug/g ww","38.05031","-121.91437"
"Striped Bass","Morone saxatilis","1998","0.08270683","ug/g ww","38.0892","-122.0809"
"Striped Bass","Morone saxatilis","1998","0.07686923","ug/g ww","38.1328","-122.0248"
"Striped Bass","Morone saxatilis","1999","0.348","ug/g ww","38.13433","-122.0595"
"Striped Bass","Morone saxatilis","1999","0.47","ug/g ww","38.13433","-122.0595"
"Striped Bass","Morone saxatilis","1999","0.288","ug/g ww","38.13433","-122.0595"
"Striped Bass","Morone saxatilis","1999","0.46","ug/g ww","38.13433","-122.0595"
"Striped Bass","Morone saxatilis","1999","1.01","ug/g ww","38.13433","-122.0595"
"Striped Bass","Morone saxatilis","1999","0.503","ug/g ww","38.13433","-122.0595"
"Striped Bass","Morone saxatilis","1999","0.466","ug/g ww","38.13433","-122.0595"
"Striped Bass","Morone saxatilis","1999","0.333","ug/g ww","38.13433","-122.0595"
"Striped Bass","Morone saxatilis","1999","0.04140668","ug/g ww","38.1828","-122.0082"
"Striped Bass","Morone saxatilis","1999","0.03609518","ug/g ww","38.1828","-122.0082"
"Striped Bass","Morone saxatilis","1999","0.0493213","ug/g ww","38.064","-122.2246"
"Striped Bass","Morone saxatilis","1999","0.05181183","ug/g ww","38.2386","-122.0374"
"Striped Bass","Morone saxatilis","2005","0.208","ug/g ww","38.2541","-121.6724"
"Striped Bass","Morone saxatilis","2005","0.497","ug/g ww","38.2541","-121.6724"
"Striped Bass","Morone saxatilis","2005","0.3","ug/g ww","38.2541","-121.6724"
"Striped Bass","Morone saxatilis","2005","0.205","ug/g ww","38.2541","-121.6724"
"Striped Bass","Morone saxatilis","2005","0.311","ug/g ww","38.2541","-121.6724"
"Striped Bass","Morone saxatilis","2006","0.261","ug/g ww","38.23228","-121.67278"
"Striped Bass","Morone saxatilis","2006","0.255","ug/g ww","38.23228","-121.67278"
"Striped Bass","Morone saxatilis","2006","0.27","ug/g ww","38.23228","-121.67278"
"Striped Bass","Morone saxatilis","2006","0.215","ug/g ww","38.23228","-121.67278"
"Striped Bass","Morone saxatilis","2006","0.241","ug/g ww","38.23228","-121.67278"
"Striped Bass","Morone saxatilis","2006","0.257","ug/g ww","38.23228","-121.67278"
"Striped Bass","Morone saxatilis","2006","0.217","ug/g ww","38.23228","-121.67278"
"Striped Bass","Morone saxatilis","2006","0.416","ug/g ww","38.25441","-121.67246"
"Striped Bass","Morone saxatilis","2006","0.305","ug/g ww","38.25441","-121.67246"
"Striped Bass","Morone saxatilis","2006","0.66","ug/g ww","38.25441","-121.67246"
"Striped Bass","Morone saxatilis","2006","0.213","ug/g ww","38.25441","-121.67246"
"Striped Bass","Morone saxatilis","2006","0.426","ug/g ww","38.25441","-121.67246"
"Striped Bass","Morone saxatilis","2006","0.339","ug/g ww","38.25441","-121.67246"
"Striped Bass","Morone saxatilis","2006","0.098","ug/g ww","38.23228","-121.67278"
"Striped Bass","Morone saxatilis","2006","0.286","ug/g ww","38.23228","-121.67278"
"Striped Bass","Morone saxatilis","2006","0.284","ug/g ww","38.23228","-121.67278"
"Striped Bass","Morone saxatilis","2006","0.157","ug/g ww","38.25441","-121.67246"
"Striped Bass","Morone saxatilis","2006","0.228","ug/g ww","38.23228","-121.67278"
"Striped Bass","Morone saxatilis","2006","0.182","ug/g ww","38.25441","-121.67246"
"Striped Bass","Morone saxatilis","2006","0.172","ug/g ww","38.25441","-121.67246"
"Striped Bass","Morone saxatilis","2006","0.265","ug/g ww","38.25441","-121.67246"
"Striped Bass","Morone saxatilis","2006","0.314","ug/g ww","38.25441","-121.67246"
"Striped Bass","Morone saxatilis","2006","0.219","ug/g ww","38.23682","-121.68446"
"Striped Bass","Morone saxatilis","2006","0.493","ug/g ww","38.25441","-121.67246"
"Striped Bass","Morone saxatilis","2006","0.385","ug/g ww","38.25441","-121.67246"
"Striped Bass","Morone saxatilis","2007","0.28","ug/g ww","38.25441","-121.67246"
"Striped Bass","Morone saxatilis","2007","0.237","ug/g ww","38.25441","-121.67246"
"Striped Bass","Morone saxatilis","2007","0.411","ug/g ww","38.25441","-121.67246"
"Striped Bass","Morone saxatilis","2007","0.259","ug/g ww","38.25441","-121.67246"
"Striped Bass","Morone saxatilis","2007","0.239","ug/g ww","38.25441","-121.67246"
"Striped Bass","Morone saxatilis","2007","0.475","ug/g ww","38.25441","-121.67246"
"Striped Bass","Morone saxatilis","2007","0.38","ug/g ww","38.25441","-121.67246"
"Striped Bass","Morone saxatilis","2007","0.217","ug/g ww","38.25441","-121.67246"
"Striped Bass","Morone saxatilis","2007","0.543","ug/g ww","38.25441","-121.67246"
"Striped Bass","Morone saxatilis","2007","0.236","ug/g ww","38.25441","-121.67246"
"Striped Bass","Morone saxatilis","2007","0.309","ug/g ww","38.25441","-121.67246"
"Striped Bass","Morone saxatilis","2007","0.943","ug/g ww","38.2541","-121.6724"
"Striped Bass","Morone saxatilis","2007","0.371","ug/g ww","38.2541","-121.6724"
"Striped Bass","Morone saxatilis","2014","0.241","ug/g ww","38.119836","-122.060118"
"Striped Bass","Morone saxatilis","2014","0.245","ug/g ww","38.119836","-122.060118"
"Striped Bass","Morone saxatilis","2014","0.115","ug/g ww","38.119836","-122.060118"
"Striped Bass","Morone saxatilis","2014","0.66","ug/g ww","38.119836","-122.060118"
"Striped Bass","Morone saxatilis","2014","0.256","ug/g ww","38.119836","-122.060118"
"Striped Bass","Morone saxatilis","2014","0.483","ug/g ww","38.04","-122.16"
"Striped Bass","Morone saxatilis","2014","0.212","ug/g ww","38.119836","-122.060118"
"Striped Bass","Morone saxatilis","1997","0.894611455","ug/g ww","38.052017","-122.27274"
"Striped Bass","Morone saxatilis","1997","0.580694032","ug/g ww","38.052017","-122.27274"
"Striped Bass","Morone saxatilis","1997","0.495340833","ug/g ww","38.052017","-122.27274"
"Striped Bass","Morone saxatilis","1997","0.462204929","ug/g ww","38.052017","-122.27274"
"Striped Bass","Morone saxatilis","1997","0.529613767","ug/g ww","38.052017","-122.27274"
"Striped Bass","Morone saxatilis","1997","0.435134698","ug/g ww","38.052017","-122.27274"
"Striped Bass","Morone saxatilis","1997","0.447527957","ug/g ww","38.052017","-122.27274"
"Striped Bass","Morone saxatilis","1997","0.347286808","ug/g ww","38.052017","-122.27274"
"Striped Bass","Morone saxatilis","1997","0.507470526","ug/g ww","38.052017","-122.27274"
"Striped Bass","Morone saxatilis","1997","0.82256815","ug/g ww","38.052017","-122.27274"
"Striped Bass","Morone saxatilis","1999","0.07360972","ug/g ww","38.0322","-121.8638"
"Striped Bass","Morone saxatilis","2003","0.438","ug/g ww","37.9884821839081","-122.422497816092"
"Striped Bass","Morone saxatilis","2003","0.219","ug/g ww","37.9884821839081","-122.422497816092"
"Striped Bass","Morone saxatilis","2003","0.486","ug/g ww","37.9884821839081","-122.422497816092"
"Striped Bass","Morone saxatilis","2003","0.278","ug/g ww","37.9884821839081","-122.422497816092"
"Striped Bass","Morone saxatilis","2003","0.528","ug/g ww","37.9884821839081","-122.422497816092"
"Striped Bass","Morone saxatilis","2003","0.339","ug/g ww","37.9884821839081","-122.422497816092"
"Striped Bass","Morone saxatilis","2003","0.251","ug/g ww","37.9884821839081","-122.422497816092"
"Striped Bass","Morone saxatilis","2003","0.77","ug/g ww","37.9884821839081","-122.422497816092"
"Striped Bass","Morone saxatilis","2003","0.415","ug/g ww","37.9884821839081","-122.422497816092"
"Striped Bass","Morone saxatilis","2003","0.344","ug/g ww","37.9884821839081","-122.422497816092"
"Striped Bass","Morone saxatilis","2003","0.204","ug/g ww","37.9884821839081","-122.422497816092"
"Striped Bass","Morone saxatilis","2003","0.301","ug/g ww","37.9884821839081","-122.422497816092"
"Striped Bass","Morone saxatilis","2003","0.305","ug/g ww","37.9884821839081","-122.422497816092"
"Striped Bass","Morone saxatilis","2005","0.088","ug/g ww","38.0227","-121.7285"
"Striped Bass","Morone saxatilis","2005","0.074","ug/g ww","38.0227","-121.7285"
"Striped Bass","Morone saxatilis","2005","0.087","ug/g ww","38.0227","-121.7285"
"Striped Bass","Morone saxatilis","2005","0.096","ug/g ww","38.0227","-121.7285"
"Striped Bass","Morone saxatilis","2005","0.11","ug/g ww","38.0227","-121.7285"
"Striped Bass","Morone saxatilis","2006","0.269","ug/g ww","38.0518553846154","-122.33633008547"
"Striped Bass","Morone saxatilis","2006","0.326","ug/g ww","38.0518553846154","-122.33633008547"
"Striped Bass","Morone saxatilis","2006","0.515","ug/g ww","38.0518553846154","-122.33633008547"
"Striped Bass","Morone saxatilis","2006","0.486","ug/g ww","38.0518553846154","-122.33633008547"
"Striped Bass","Morone saxatilis","2006","0.724","ug/g ww","38.0518553846154","-122.33633008547"
"Striped Bass","Morone saxatilis","2006","0.244","ug/g ww","38.0518553846154","-122.33633008547"
"Striped Bass","Morone saxatilis","2006","0.295","ug/g ww","38.0518553846154","-122.33633008547"
"Striped Bass","Morone saxatilis","2006","0.719","ug/g ww","38.0518553846154","-122.33633008547"
"Striped Bass","Morone saxatilis","2006","0.319","ug/g ww","38.0518553846154","-122.33633008547"
"Striped Bass","Morone saxatilis","2006","0.741","ug/g ww","38.0518553846154","-122.33633008547"
"Striped Bass","Morone saxatilis","2006","0.237","ug/g ww","38.0518553846154","-122.33633008547"
"Striped Bass","Morone saxatilis","2006","0.507","ug/g ww","38.0518553846154","-122.33633008547"
"Striped Bass","Morone saxatilis","2006","0.28","ug/g ww","38.0518553846154","-122.33633008547"
"Striped Bass","Morone saxatilis","2006","0.272","ug/g ww","38.0518553846154","-122.33633008547"
"Striped Bass","Morone saxatilis","2006","0.269","ug/g ww","38.0518553846154","-122.33633008547"
"Striped Bass","Morone saxatilis","2006","0.412","ug/g ww","38.0518553846154","-122.33633008547"
"Striped Bass","Morone saxatilis","2006","0.484","ug/g ww","38.0518553846154","-122.33633008547"
"Striped Bass","Morone saxatilis","2009","0.313","ug/g ww","38.0518553846154","-122.33633008547"
"Striped Bass","Morone saxatilis","2009","0.906","ug/g ww","38.0518553846154","-122.33633008547"
"Striped Bass","Morone saxatilis","2009","0.384","ug/g ww","38.0518553846154","-122.33633008547"
"Striped Bass","Morone saxatilis","2009","0.398","ug/g ww","38.0518553846154","-122.33633008547"
"Striped Bass","Morone saxatilis","2009","0.538","ug/g ww","38.0518553846154","-122.33633008547"
"Striped Bass","Morone saxatilis","2009","0.451","ug/g ww","38.0518553846154","-122.33633008547"
"Striped Bass","Morone saxatilis","2009","0.246","ug/g ww","38.0518553846154","-122.33633008547"
"Striped Bass","Morone saxatilis","2009","0.348","ug/g ww","38.0518553846154","-122.33633008547"
"Striped Bass","Morone saxatilis","2009","0.709","ug/g ww","38.0518553846154","-122.33633008547"
"Striped Bass","Morone saxatilis","2009","0.459","ug/g ww","38.0518553846154","-122.33633008547"
"Striped Bass","Morone saxatilis","2009","0.403","ug/g ww","38.0518553846154","-122.33633008547"
"Striped Bass","Morone saxatilis","2009","0.446","ug/g ww","38.0518553846154","-122.33633008547"
"Striped Bass","Morone saxatilis","2014","0.463","ug/g ww","38.0518553846154","-122.33633008547"
"Striped Bass","Morone saxatilis","2015","0.523","ug/g ww","37.443787","-121.961369"
"Striped Bass","Morone saxatilis","2015","0.638","ug/g ww","37.443787","-121.961369"
"Striped Bass","Morone saxatilis","2015","0.616","ug/g ww","37.443787","-121.961369"
"Striped Bass","Morone saxatilis","2015","0.501","ug/g ww","37.443787","-121.961369"
"Striped Bass","Morone saxatilis","2015","0.689","ug/g ww","37.443787","-121.961369"
"Striped Bass","Morone saxatilis","2015","0.863","ug/g ww","37.443787","-121.961369"
"Striped Bass","Morone saxatilis","2015","0.434","ug/g ww","37.443787","-121.961369"
"Striped Bass","Morone saxatilis","2015","0.44","ug/g ww","37.443787","-121.961369"
"Striped Bass","Morone saxatilis","2015","0.174","ug/g ww","37.443787","-121.961369"
"Striped Bass","Morone saxatilis","1994","0.202","ug/g ww","37.59646111","-122.3171222"
"Striped Bass","Morone saxatilis","1997","0.384994319","ug/g ww","37.532","-122.1796333"
"Striped Bass","Morone saxatilis","1997","0.36018635","ug/g ww","37.532","-122.1796333"
"Striped Bass","Morone saxatilis","1997","0.320531034","ug/g ww","37.532","-122.1796333"
"Striped Bass","Morone saxatilis","1997","0.448465573","ug/g ww","37.532","-122.1796333"
"Striped Bass","Morone saxatilis","1997","0.404819601","ug/g ww","37.532","-122.1796333"
"Striped Bass","Morone saxatilis","1997","0.389543365","ug/g ww","37.532","-122.1796333"
"Striped Bass","Morone saxatilis","1997","0.68432535","ug/g ww","37.532","-122.1796333"
"Striped Bass","Morone saxatilis","1997","0.658590005","ug/g ww","37.532","-122.1796333"
"Striped Bass","Morone saxatilis","2000","0.242","ug/g ww","37.4994090184615","-122.123390215385"
"Striped Bass","Morone saxatilis","2000","0.285","ug/g ww","37.4994090184615","-122.123390215385"
"Striped Bass","Morone saxatilis","2000","0.19","ug/g ww","37.4994090184615","-122.123390215385"
"Striped Bass","Morone saxatilis","2000","0.186","ug/g ww","37.4994090184615","-122.123390215385"
"Striped Bass","Morone saxatilis","2000","0.295","ug/g ww","37.4994090184615","-122.123390215385"
"Striped Bass","Morone saxatilis","2000","0.219","ug/g ww","37.4994090184615","-122.123390215385"
"Striped Bass","Morone saxatilis","2000","0.264","ug/g ww","37.4994090184615","-122.123390215385"
"Striped Bass","Morone saxatilis","2000","0.169","ug/g ww","37.4994090184615","-122.123390215385"
"Striped Bass","Morone saxatilis","2000","0.331","ug/g ww","37.4994090184615","-122.123390215385"
"Striped Bass","Morone saxatilis","2000","0.172","ug/g ww","37.4994090184615","-122.123390215385"
"Striped Bass","Morone saxatilis","2003","0.144","ug/g ww","37.4996014285714","-122.124554767857"
"Striped Bass","Morone saxatilis","2003","0.49","ug/g ww","37.4996014285714","-122.124554767857"
"Striped Bass","Morone saxatilis","2003","0.906","ug/g ww","37.4996014285714","-122.124554767857"
"Striped Bass","Morone saxatilis","2003","0.294","ug/g ww","37.4996014285714","-122.124554767857"
"Striped Bass","Morone saxatilis","2003","0.376","ug/g ww","37.4996014285714","-122.124554767857"
"Striped Bass","Morone saxatilis","2003","0.386","ug/g ww","37.4996014285714","-122.124554767857"
"Striped Bass","Morone saxatilis","2003","0.289","ug/g ww","37.4996014285714","-122.124554767857"
"Striped Bass","Morone saxatilis","2003","0.437","ug/g ww","37.4996014285714","-122.124554767857"
"Striped Bass","Morone saxatilis","2003","0.413","ug/g ww","37.4996014285714","-122.124554767857"
"Striped Bass","Morone saxatilis","2003","0.148","ug/g ww","37.4996014285714","-122.124554767857"
"Striped Bass","Morone saxatilis","2006","0.573","ug/g ww","37.4926906666667","-122.12093"
"Striped Bass","Morone saxatilis","2003","0.386","ug/g ww","37.7938275757576","-122.389325151515"
"Striped Bass","Morone saxatilis","2003","0.476","ug/g ww","37.7938275757576","-122.389325151515"
"Striped Bass","Morone saxatilis","1997","0.580525675","ug/g ww","37.98475","-122.4433333"
"Striped Bass","Morone saxatilis","1997","0.423821904","ug/g ww","37.98475","-122.4433333"
"Striped Bass","Morone saxatilis","2000","0.235","ug/g ww","37.9920906194737","-122.435176657895"
"Striped Bass","Morone saxatilis","2000","0.243","ug/g ww","37.9920906194737","-122.435176657895"
"Striped Bass","Morone saxatilis","2000","0.37","ug/g ww","37.9920906194737","-122.435176657895"
"Striped Bass","Morone saxatilis","2000","0.3","ug/g ww","37.9920906194737","-122.435176657895"
"Striped Bass","Morone saxatilis","2000","0.284","ug/g ww","37.9920906194737","-122.435176657895"
"Striped Bass","Morone saxatilis","2000","0.188","ug/g ww","37.9920906194737","-122.435176657895"
"Striped Bass","Morone saxatilis","2000","0.342","ug/g ww","37.9920906194737","-122.435176657895"
"Striped Bass","Morone saxatilis","2000","0.29","ug/g ww","37.9920906194737","-122.435176657895"
"Striped Bass","Morone saxatilis","2000","0.289","ug/g ww","37.9920906194737","-122.435176657895"
"Striped Bass","Morone saxatilis","2000","0.225","ug/g ww","37.9920906194737","-122.435176657895"
"Striped Bass","Morone saxatilis","2000","0.205","ug/g ww","37.9920906194737","-122.435176657895"
"Striped Bass","Morone saxatilis","2000","0.273","ug/g ww","37.9920906194737","-122.435176657895"
"Striped Bass","Morone saxatilis","2000","0.251","ug/g ww","37.9920906194737","-122.435176657895"
"Top Smelt","Atherinops affinis","2005","0.025398093","ug/g ww","37.5925166666667","-122.134056666667"
"Top Smelt","Atherinops affinis","2005","0.021519998","ug/g ww","37.8025625","-122.3260775"
"Top Smelt","Atherinops affinis","2005","0.029535502","ug/g ww","37.8025625","-122.3260775"
"Top Smelt","Atherinops affinis","2005","0.028753774","ug/g ww","37.8025625","-122.3260775"
"Top Smelt","Atherinops affinis","2005","0.026478721","ug/g ww","37.8025625","-122.3260775"
"Top Smelt","Atherinops affinis","2005","0.026214325","ug/g ww","37.8025625","-122.3260775"
"Top Smelt","Atherinops affinis","2005","0.029590221","ug/g ww","37.5925166666667","-122.134056666667"
"Top Smelt","Atherinops affinis","2005","0.023693705","ug/g ww","37.8025625","-122.3260775"
"Top Smelt","Atherinops affinis","2005","0.044929537","ug/g ww","37.8025625","-122.3260775"
"Top Smelt","Atherinops affinis","2005","0.024336401","ug/g ww","37.50713","-122.086622"
"Top Smelt","Atherinops affinis","2005","0.026991137","ug/g ww","37.50713","-122.086622"
"Top Smelt","Atherinops affinis","2005","0.027456388","ug/g ww","37.8025625","-122.3260775"
"Top Smelt","Atherinops affinis","2005","0.050553966","ug/g ww","37.50713","-122.086622"
"Top Smelt","Atherinops affinis","2005","0.023777955","ug/g ww","37.8025625","-122.3260775"
"Top Smelt","Atherinops affinis","2005","0.048901291","ug/g ww","37.5925166666667","-122.134056666667"
"Top Smelt","Atherinops affinis","2005","0.029125213","ug/g ww","37.50713","-122.086622"
"Top Smelt","Atherinops affinis","2007","0.038096541","ug/g ww","37.88875","-122.30985"
"Top Smelt","Atherinops affinis","2007","0.05593823","ug/g ww","37.50713","-122.086622"
"Top Smelt","Atherinops affinis","2007","0.050492915","ug/g ww","37.50713","-122.086622"
"Top Smelt","Atherinops affinis","2007","0.052720544","ug/g ww","37.50713","-122.086622"
"Top Smelt","Atherinops affinis","2007","0.054719613","ug/g ww","37.50713","-122.086622"
"Top Smelt","Atherinops affinis","2007","0.049928495","ug/g ww","37.50713","-122.086622"
"Top Smelt","Atherinops affinis","2007","0.048667675","ug/g ww","37.50713","-122.086622"
"Top Smelt","Atherinops affinis","2007","0.046593763","ug/g ww","37.50713","-122.086622"
"Top Smelt","Atherinops affinis","2007","0.04087644","ug/g ww","37.50713","-122.086622"
"Top Smelt","Atherinops affinis","2007","0.074660225","ug/g ww","37.74285","-122.209112592593"
"Top Smelt","Atherinops affinis","2007","0.03584852","ug/g ww","37.50713","-122.086622"
"Top Smelt","Atherinops affinis","2007","0.028676589","ug/g ww","37.88875","-122.30985"
"Top Smelt","Atherinops affinis","2007","0.036846242","ug/g ww","37.88875","-122.30985"
"Top Smelt","Atherinops affinis","2007","0.06662257","ug/g ww","37.74285","-122.209112592593"
"Top Smelt","Atherinops affinis","2007","0.06474962","ug/g ww","37.74285","-122.209112592593"
"Top Smelt","Atherinops affinis","2007","0.069176136","ug/g ww","37.74285","-122.209112592593"
"Top Smelt","Atherinops affinis","2007","0.037094676","ug/g ww","37.85138","-122.30367"
"Top Smelt","Atherinops affinis","2007","0.032786197","ug/g ww","37.85138","-122.30367"
"Top Smelt","Atherinops affinis","2007","0.037843658","ug/g ww","37.7145","-122.19644"
"Top Smelt","Atherinops affinis","2007","0.039977402","ug/g ww","37.7145","-122.19644"
"Top Smelt","Atherinops affinis","2007","0.066661693","ug/g ww","37.5925166666667","-122.134056666667"
"Top Smelt","Atherinops affinis","2007","0.05716157","ug/g ww","37.5925166666667","-122.134056666667"
"Top Smelt","Atherinops affinis","2007","0.041950383","ug/g ww","37.5925166666667","-122.134056666667"
"Top Smelt","Atherinops affinis","2007","0.05757456","ug/g ww","37.5925166666667","-122.134056666667"
"Top Smelt","Atherinops affinis","2007","0.049333872","ug/g ww","37.50713","-122.086622"
"Top Smelt","Atherinops affinis","2007","0.051320488","ug/g ww","37.50713","-122.086622"
"Top Smelt","Atherinops affinis","2007","0.05151273","ug/g ww","37.50713","-122.086622"
"Top Smelt","Atherinops affinis","2007","0.042439012","ug/g ww","37.7145","-122.19644"
"Top Smelt","Atherinops affinis","2007","0.040941165","ug/g ww","37.7145","-122.19644"
"Top Smelt","Atherinops affinis","2007","0.037695829","ug/g ww","37.7145","-122.19644"
"Top Smelt","Atherinops affinis","2007","0.036432348","ug/g ww","37.85138","-122.30367"
"Top Smelt","Atherinops affinis","2007","0.031198899","ug/g ww","37.85138","-122.30367"
"Top Smelt","Atherinops affinis","2007","0.0332","ug/g ww","37.88875","-122.30985"
"Top Smelt","Atherinops affinis","2007","0.049","ug/g ww","37.88875","-122.30985"
"Top Smelt","Atherinops affinis","2007","0.042665891","ug/g ww","37.88875","-122.30985"
"Top Smelt","Atherinops affinis","2007","0.04484767","ug/g ww","37.88875","-122.30985"
"Top Smelt","Atherinops affinis","2007","0.045817349","ug/g ww","37.88875","-122.30985"
"Top Smelt","Atherinops affinis","2007","0.044248601","ug/g ww","37.88875","-122.30985"
"Top Smelt","Atherinops affinis","2007","0.038365839","ug/g ww","37.88875","-122.30985"
"Top Smelt","Atherinops affinis","2007","0.053456403","ug/g ww","37.88875","-122.30985"
"Top Smelt","Atherinops affinis","2007","0.042653851","ug/g ww","37.85138","-122.30367"
"Top Smelt","Atherinops affinis","2007","0.02776577","ug/g ww","38.0658277777778","-122.188015111111"
"Top Smelt","Atherinops affinis","2007","0.030805249","ug/g ww","38.0145066666667","-122.489561666667"
"Top Smelt","Atherinops affinis","2007","0.059513964","ug/g ww","37.9041233333333","-122.319316666667"
"Top Smelt","Atherinops affinis","2005","0.028623478","ug/g ww","38.0658277777778","-122.188015111111"
"Top Smelt","Atherinops affinis","2012","0.0245557846998003","ug/g ww","38.119167","-122.481361"
"Top Smelt","Atherinops affinis","2012","0.0248492549071106","ug/g ww","38.119167","-122.481361"
"Top Smelt","Atherinops affinis","2012","0.0242712192882916","ug/g ww","38.119167","-122.481361"
"Top Smelt","Atherinops affinis","2013","0.0172786961034507","ug/g ww","38.119167","-122.481361"
"Top Smelt","Atherinops affinis","2013","0.0253074598856474","ug/g ww","38.119167","-122.481361"
"Top Smelt","Atherinops affinis","2013","0.0196642422488731","ug/g ww","38.119167","-122.481361"
"Top Smelt","Atherinops affinis","2007","0.027676474","ug/g ww","38.0658277777778","-122.188015111111"
"Top Smelt","Atherinops affinis","2013","0.0187093179931581","ug/g ww","38.119167","-122.481361"
"Top Smelt","Atherinops affinis","2013","0.0284243635625088","ug/g ww","38.161182","-122.383791"
"Top Smelt","Atherinops affinis","2013","0.0286328449183113","ug/g ww","38.205975","-122.300066"
"Top Smelt","Atherinops affinis","2013","0.0325727468801411","ug/g ww","38.205975","-122.300066"
"Top Smelt","Atherinops affinis","2013","0.0321851946482982","ug/g ww","38.205975","-122.300066"
"Top Smelt","Atherinops affinis","2013","0.0253293285243338","ug/g ww","38.16179","-122.30691"
"Top Smelt","Atherinops affinis","2013","0.022751937418339","ug/g ww","38.16179","-122.30691"
"Top Smelt","Atherinops affinis","2013","0.037825428219932","ug/g ww","38.205975","-122.300066"
"Top Smelt","Atherinops affinis","2013","0.0248880110338382","ug/g ww","38.16179","-122.30691"
"Top Smelt","Atherinops affinis","2013","0.0278482933342761","ug/g ww","38.205975","-122.300066"
"Top Smelt","Atherinops affinis","2013","0.0211714667303655","ug/g ww","38.16179","-122.30691"
"Top Smelt","Atherinops affinis","2005","0.032005124","ug/g ww","38.0658277777778","-122.188015111111"
"Top Smelt","Atherinops affinis","2007","0.031828939","ug/g ww","38.0658277777778","-122.188015111111"
"Top Smelt","Atherinops affinis","2007","0.026649328","ug/g ww","38.0658277777778","-122.188015111111"
"Top Smelt","Atherinops affinis","2013","0.0426648166938965","ug/g ww","38.13662","-122.28437"
"Top Smelt","Atherinops affinis","2013","0.0398271678728421","ug/g ww","38.13662","-122.28437"
"Top Smelt","Atherinops affinis","2013","0.0491093944799113","ug/g ww","38.13662","-122.28437"
"Top Smelt","Atherinops affinis","2013","0.052105290702932","ug/g ww","38.13662","-122.28437"
"Top Smelt","Atherinops affinis","2013","0.0464708533424126","ug/g ww","38.13662","-122.28437"
"Top Smelt","Atherinops affinis","2007","0.062353905","ug/g ww","37.9041233333333","-122.319316666667"
"Top Smelt","Atherinops affinis","2007","0.035039426","ug/g ww","37.9041233333333","-122.319316666667"
"Top Smelt","Atherinops affinis","2007","0.059744638","ug/g ww","37.9041233333333","-122.319316666667"
"Top Smelt","Atherinops affinis","2007","0.056515198","ug/g ww","37.9041233333333","-122.319316666667"
"Top Smelt","Atherinops affinis","2007","0.035022308","ug/g ww","37.9041233333333","-122.319316666667"
"Top Smelt","Atherinops affinis","2007","0.045618384","ug/g ww","37.90505","-122.3222833"
"Top Smelt","Atherinops affinis","2007","0.044036243","ug/g ww","37.90505","-122.3222833"
"Top Smelt","Atherinops affinis","2007","0.047991595","ug/g ww","37.90505","-122.3222833"
"Top Smelt","Atherinops affinis","2007","0.056846344","ug/g ww","37.90505","-122.3222833"
"Top Smelt","Atherinops affinis","2007","0.057372699","ug/g ww","37.90505","-122.3222833"
"Top Smelt","Atherinops affinis","2007","0.054740924","ug/g ww","37.90505","-122.3222833"
"Top Smelt","Atherinops affinis","2007","0.062383328","ug/g ww","37.99162","-122.3555"
"Top Smelt","Atherinops affinis","2007","0.032121212","ug/g ww","37.99162","-122.3555"
"Top Smelt","Atherinops affinis","2007","0.040517157","ug/g ww","37.99162","-122.3555"
"Top Smelt","Atherinops affinis","2007","0.029203284","ug/g ww","37.9041233333333","-122.319316666667"
"Top Smelt","Atherinops affinis","2007","0.045055098","ug/g ww","37.90505","-122.3222833"
"Top Smelt","Atherinops affinis","2007","0.044602638","ug/g ww","37.90505","-122.3222833"
"Top Smelt","Atherinops affinis","2007","0.0368","ug/g ww","37.9041233333333","-122.319316666667"
"Top Smelt","Atherinops affinis","2007","0.029202184","ug/g ww","37.917798088421","-122.3860448"
"Top Smelt","Atherinops affinis","2007","0.037635023","ug/g ww","37.917798088421","-122.3860448"
"Top Smelt","Atherinops affinis","2007","0.037873219","ug/g ww","37.917798088421","-122.3860448"
"Top Smelt","Atherinops affinis","2007","0.039540593","ug/g ww","37.917798088421","-122.3860448"
"Top Smelt","Atherinops affinis","2007","0.031551768","ug/g ww","37.9041233333333","-122.319316666667"
"Top Smelt","Atherinops affinis","2005","0.038130376","ug/g ww","37.5439466666667","-122.224765"
"Top Smelt","Atherinops affinis","2007","0.063347415","ug/g ww","38.0145066666667","-122.489561666667"
"Top Smelt","Atherinops affinis","2007","0.074","ug/g ww","37.45914","-122.0203225"
"Top Smelt","Atherinops affinis","2007","0.062805934","ug/g ww","37.45914","-122.0203225"
"Top Smelt","Atherinops affinis","2005","0.057489064","ug/g ww","37.45914","-122.0203225"
"Top Smelt","Atherinops affinis","2005","0.039723227","ug/g ww","37.45914","-122.0203225"
"Top Smelt","Atherinops affinis","2007","0.064729866","ug/g ww","37.45914","-122.0203225"
"Top Smelt","Atherinops affinis","2007","0.056620663","ug/g ww","37.45914","-122.0203225"
"Top Smelt","Atherinops affinis","2007","0.08","ug/g ww","37.45914","-122.0203225"
"Top Smelt","Atherinops affinis","2007","0.067","ug/g ww","37.45914","-122.0203225"
"Top Smelt","Atherinops affinis","2005","0.021818063","ug/g ww","37.5439466666667","-122.224765"
"Top Smelt","Atherinops affinis","2007","0.059937798","ug/g ww","37.5439466666667","-122.224765"
"Top Smelt","Atherinops affinis","2007","0.060441477","ug/g ww","37.5439466666667","-122.224765"
"Top Smelt","Atherinops affinis","2007","0.061448834","ug/g ww","37.5439466666667","-122.224765"
"Top Smelt","Atherinops affinis","2007","0.046615177","ug/g ww","37.5439466666667","-122.224765"
"Top Smelt","Atherinops affinis","2007","0.048288542","ug/g ww","37.5439466666667","-122.224765"
"Top Smelt","Atherinops affinis","2007","0.04589802","ug/g ww","37.5439466666667","-122.224765"
"Top Smelt","Atherinops affinis","2007","0.055411454","ug/g ww","37.5439466666667","-122.224765"
"Top Smelt","Atherinops affinis","2007","0.048528595","ug/g ww","37.5439466666667","-122.224765"
"Top Smelt","Atherinops affinis","2007","0.040818937","ug/g ww","37.5439466666667","-122.224765"
"Top Smelt","Atherinops affinis","2007","0.028438488","ug/g ww","37.717955","-122.3797425"
"Top Smelt","Atherinops affinis","2007","0.03","ug/g ww","37.717955","-122.3797425"
"Top Smelt","Atherinops affinis","2007","0.036846389","ug/g ww","37.717955","-122.3797425"
"Top Smelt","Atherinops affinis","2007","0.029359099","ug/g ww","37.717955","-122.3797425"
"Top Smelt","Atherinops affinis","2007","0.026124622","ug/g ww","37.717955","-122.3797425"
"Top Smelt","Atherinops affinis","2007","0.021646115","ug/g ww","37.717955","-122.3797425"
"Top Smelt","Atherinops affinis","2007","0.028","ug/g ww","37.717955","-122.3797425"
"Top Smelt","Atherinops affinis","2007","0.029","ug/g ww","37.717955","-122.3797425"
"Top Smelt","Atherinops affinis","2007","0.033631604","ug/g ww","37.717955","-122.3797425"
"Top Smelt","Atherinops affinis","2007","0.037686186","ug/g ww","37.717955","-122.3797425"
"Top Smelt","Atherinops affinis","2007","0.036726028","ug/g ww","37.717955","-122.3797425"
"Top Smelt","Atherinops affinis","2007","0.036485989","ug/g ww","37.717955","-122.3797425"
"Top Smelt","Atherinops affinis","2007","0.016828181","ug/g ww","37.717955","-122.3797425"
"Top Smelt","Atherinops affinis","2007","0.043187095","ug/g ww","37.81367","-122.37003"
"Top Smelt","Atherinops affinis","2007","0.055526265","ug/g ww","37.81367","-122.37003"
"Top Smelt","Atherinops affinis","2007","0.047954502","ug/g ww","37.81367","-122.37003"
"Top Smelt","Atherinops affinis","2007","0.034472165","ug/g ww","37.81367","-122.37003"
"Top Smelt","Atherinops affinis","2007","0.034769339","ug/g ww","37.81367","-122.37003"
"Top Smelt","Atherinops affinis","2007","0.035066512","ug/g ww","37.81367","-122.37003"
"Top Smelt","Atherinops affinis","2007","0.034212575","ug/g ww","37.81367","-122.37003"
"Top Smelt","Atherinops affinis","2007","0.033416934","ug/g ww","37.81367","-122.37003"
"Top Smelt","Atherinops affinis","2007","0.03739514","ug/g ww","37.81367","-122.37003"
"Top Smelt","Atherinops affinis","2007","0.048055326","ug/g ww","38.0145066666667","-122.489561666667"
"Top Smelt","Atherinops affinis","2007","0.026645037","ug/g ww","38.0145066666667","-122.489561666667"
"Top Smelt","Atherinops affinis","2007","0.040018138","ug/g ww","38.04814","-122.494443333333"
"Top Smelt","Atherinops affinis","2007","0.058804573","ug/g ww","38.0145066666667","-122.489561666667"
"Top Smelt","Atherinops affinis","2007","0.050223648","ug/g ww","38.0145066666667","-122.489561666667"
"Top Smelt","Atherinops affinis","2007","0.022396486","ug/g ww","38.04814","-122.494443333333"
"Top Smelt","Atherinops affinis","2007","0.037769928","ug/g ww","38.04814","-122.494443333333"
"Top Smelt","Atherinops affinis","2007","0.038669212","ug/g ww","38.04814","-122.494443333333"
"Top Smelt","Atherinops affinis","2007","0.027845067","ug/g ww","38","-122.46"
"Top Smelt","Atherinops affinis","2007","0.023412766","ug/g ww","38.04814","-122.494443333333"
"Top Smelt","Atherinops affinis","2007","0.023250397","ug/g ww","38.0145066666667","-122.489561666667"
"Top Smelt","Atherinops affinis","2007","0.032470184","ug/g ww","37.89532","-122.4902"
"Top Smelt","Atherinops affinis","2007","0.021762996","ug/g ww","38.04814","-122.494443333333"
"Top Smelt","Atherinops affinis","2012","0.0501282847763304","ug/g ww","38.178662","-122.568323"
"Top Smelt","Atherinops affinis","2012","0.0394219298371175","ug/g ww","38.178662","-122.568323"
"Top Smelt","Atherinops affinis","2012","0.0749573086601077","ug/g ww","38.178662","-122.568323"
"Top Smelt","Atherinops affinis","2013","0.0326612412910852","ug/g ww","38.178662","-122.568323"
"Top Smelt","Atherinops affinis","2013","0.030335751458347","ug/g ww","38.178662","-122.568323"
"Top Smelt","Atherinops affinis","2013","0.0317194296772287","ug/g ww","38.178662","-122.568323"
"Top Smelt","Atherinops affinis","2013","0.0239949905899166","ug/g ww","38.04814","-122.494443333333"
